{
  "source": "/Users/floriangeillon/Documents/Side-Projects/faraway-cardgame/dataset/transitions/transitions_1757264449561.jsonl",
  "count": 39,
  "dim": 43,
  "mean": [
    0.44871794871794873,
    0.23076923076923073,
    0.5384615384615384,
    0.1891025641025641,
    0.532051282051282,
    0.28205128205128205,
    0.28205128205128205,
    0.41025641025641024,
    0.20512820512820512,
    0.358974358974359,
    0.02564102564102564,
    0.8974358974358975,
    0,
    0,
    0,
    0,
    0,
    0,
    0,
    0,
    0.07692307692307693,
    0.2564102564102564,
    0.05128205128205128,
    0.1282051282051282,
    0,
    0,
    0.1282051282051282,
    0,
    0,
    0,
    0,
    0,
    0,
    0.28205128205128205,
    0,
    0,
    0,
    0,
    0.1282051282051282,
    0,
    0.358974358974359,
    0,
    0
  ],
  "std": [
    0.2783852660334418,
    0.046153846153846684,
    0.2888885728011218,
    0.16229472950220722,
    0.2826697764147351,
    0.4499981737124165,
    0.4499981737124165,
    0.491880156237202,
    0.4037952755903493,
    0.4796996649710181,
    0.15806189751202504,
    0.3033887068256213,
    0.0001,
    0.0001,
    0.0001,
    0.0001,
    0.0001,
    0.0001,
    0.0001,
    0.0001,
    0.2664693550105965,
    0.4366509324596513,
    0.22057244274468274,
    0.3343180720616743,
    0.0001,
    0.0001,
    0.3343180720616743,
    0.0001,
    0.0001,
    0.0001,
    0.0001,
    0.0001,
    0.0001,
    0.4499981737124165,
    0.0001,
    0.0001,
    0.0001,
    0.0001,
    0.3343180720616743,
    0.0001,
    0.4796996649710181,
    0.0001,
    0.0001
  ]
}